{
    "loss": 1.0429109334945679,
    "accuracy": 0.4583333432674408
}